symbol,Code,Name,Sector,date
SPXL,SPXL,SPXL,Finance,2019-12-11
LABU,LABU,LABU,Finance,2019-12-11
LABD,LABD,LABD,Finance,2019-12-11
SCYX,SCYX,Scynexis,Biotechnology,2019-12-11
ADXS,ADXS,Advaxis,Biotechnology,2019-12-11
GNCA,GNCA,Genocea Biosciences,Biotechnology,2019-12-11
ZYNE,ZYNE,Zynerba Pharmaceuticals,Biotechnology,2019-12-11
LPCN,LPCN,Lipocine,Biotechnology,2019-12-11
ALDX,ALDX,Aldeyra Therapeutics,Biotechnology,2019-12-11
MYOV,MYOV,Myovant Sciences,Biotechnology,2019-12-11
WIFI,WIFI,Boingo Wireless,Technology,2019-12-11
CONN,CONN,Conn's,Retail,2019-12-11
